tweet_id,airline_sentiment
569619309401546752,2
567996668320346112,0
568881975177515009,1
569524522291892226,0
569747533641199617,0
569929677571166208,1
568081068278075394,1
570220267462529024,0
570095499287506946,0
570114451120074752,0
569366960871333889,0
569288052725694464,0
570306217001799680,0
570128847439417344,0
569866317706231808,1
569746542275354625,0
569669872050765824,1
570216406119157761,2
569231763173560320,2
570038962561134594,0
568929851379478529,0
569910536755748865,0
569416670340636672,0
570280653389996034,0
569936496284663809,0
569353669738688512,0
568011935347838977,1
569602682505138176,0
568076483664568320,0
569574221216661505,0
568895842293309440,2
567811407309185024,0
569973337050341376,1
569684433218875392,0
569241467916566530,0
570274148364242947,2
568774932844261376,0
568870342443184128,0
568817637754593280,0
569354882370572289,1
568608189089869825,1
569840848764059648,0
569676250312249344,0
569939532096925697,1
568495231877967872,1
567763837055954944,2
568868515857321985,1
568873020460126209,2
569002384258502656,1
569984791107338240,1
569600137296633856,2
568884675021635584,0
569691389958553600,0
569217012980805632,0
568562765654159361,1
568911350656675841,2
570205917024628736,2
569950355330506752,0
569986978684362753,0
569128660101427200,1
569941247546286080,0
570296616688750592,0
568213843618299904,0
569999076143423488,1
568272244792631296,0
567793064221130752,1
569922639185072129,0
569236251129163777,0
570229480821628928,0
569525974284558338,1
569604066239762432,1
567790793197629440,0
569804373859020801,0
569899709734752256,0
568600144406568962,0
570304244001193984,0
570042700835082240,0
569531484903772161,0
570298285350629376,0
569720247948861440,0
569554826616381440,0
568391878871285760,0
570266265971003394,0
569126841354743809,0
567734329212940288,2
567860450676903936,1
569606016070844420,0
569960988499275776,1
569258100324048900,0
569937891788505088,1
568204042964332544,1
569631575819710464,0
569230515833856000,2
569345693770502144,0
569617887637348352,0
568128236649095168,0
569646886610702337,0
568044610955681793,0
568176862159110144,0
568597968405835776,1
567813060027772928,0
569639288649883648,1
569273777999241216,0
567771317705773056,1
568448110256640000,2
567802570912305152,0
568435926503976960,1
570023530466840576,0
569927644575182849,2
568589019925368833,0
568108909480824832,1
568430874049581058,0
570175761468030977,0
569960248548593665,0
569583943772610560,0
569194996143755264,0
567971836321009664,0
569906532277731328,0
570063450174464000,0
569681251734409216,1
568105570215055360,0
568515101319254016,0
569873668131717120,1
569237252154372097,1
568605113457242112,0
569904824793362433,0
570276434763128833,0
569696663742365696,0
569890600474021889,0
567915499868131328,2
567770993159307264,2
567810811491524608,0
569908628141920256,0
569313112089886720,0
569971542538346496,0
569280157678071808,0
570280852791422976,1
569817859406352384,0
569701794567163905,0
569797465416683521,1
569863183961165826,1
569675530792013824,0
569588473050611712,2
567802602738708480,0
570276878788861953,0
568544211370418176,0
568802037057646594,1
570054257577041921,0
569591136534319105,0
569188266089381888,2
570084406204997632,0
569332471193595904,0
568429188975173634,2
569875024045314048,1
568514819369754624,0
567985128422690816,1
567864523585118208,0
568104907384832000,1
569636885863251969,0
570001601072652288,1
568463644503240704,1
568212521657737216,1
569684963777503232,0
567776258621464577,0
567785122708332546,2
568454986574602240,0
569884462051418112,0
567881925727113217,0
568574188086296576,0
569662513111023616,0
568186573965172736,0
568958074230190080,2
569929134639611904,0
569666011147821057,0
570217918195220480,2
569710876682366977,0
569588816438169600,0
568481985221537792,1
570097456786104320,1
569947174571675648,0
568788849440063489,0
570234734942523393,0
568493806414381058,1
568605358534447104,1
568244094583107585,0
568803260569690112,1
569669059941261312,0
569952376473300992,2
569972508499283968,1
568240355772108800,2
569021768788090881,0
570088980278059008,1
570307434113310720,0
568283819477839872,0
569648534569361408,0
568408074161160192,0
570292174044200963,0
569651504753332225,0
569318505755103232,0
569180856423567361,0
568146088416448513,0
569867192445083648,0
569683567552262145,0
569689370988408832,0
569640163393073152,0
570042796624777216,0
568522028627533824,0
567805458053099520,0
569544730184261632,1
567876860647833600,1
568136286109888512,0
568870144891600896,2
569685165565308928,0
567873801653997569,0
569165652876881920,1
567853059419856896,0
569504946120298496,1
568382196081229824,0
567765893355417601,0
569347125575725057,0
569955122819817472,0
569877301959065600,0
570070928425676800,0
569635939422593024,0
569879100971753472,0
568859157253611520,0
569733539899568128,2
569620002652889088,0
568856905445199872,1
567896250013601792,1
569428644432617473,0
570284840752427008,0
569567144318365696,0
569719693780496384,0
569236557367939072,2
569733572606763008,0
569705276481282048,0
570056648137576449,0
569723985262354433,0
569110766235877376,2
570039279050579968,2
569623961224351744,0
569307047285690369,2
568099620456423424,0
570282347267895296,0
570283544125288448,0
568840724700995584,0
570241664272371712,0
568832907525152769,0
568791035297468416,2
569309864759050240,0
568576763212619777,1
569711253490409473,2
569039105775939584,1
567806786331234305,0
569177080014901248,0
568811022049349633,0
568142922031501312,0
569648240150204416,0
567739813114417152,0
569598511483789312,1
569543012914565126,0
568027443052720130,2
568228257037856768,1
569616586178301952,0
567722301471199232,0
568885645927686144,1
570096856685871106,0
570045393565691904,2
567982195471736833,0
568862914154770432,0
569933882662916096,1
569885185170223105,0
569518412550033408,1
570078280591781888,0
568891974687830016,2
567754165904887810,0
569509671213662208,0
567890395322920960,2
569017052310056960,1
569758106395254784,1
567748565095968769,0
569313734566547456,1
570220208037584896,2
569721604315312129,0
569238666654195714,2
568487677114363904,2
568173937714028544,0
569919414948237312,0
569529412196167682,0
569526800767983616,0
569646280214847488,0
567732284959113216,1
569604286369431552,0
568502021390786561,1
568948848263081986,2
570282469791911936,1
569923761232850944,1
570021223482191873,0
568606485716078592,0
569910528279228416,0
569513103970455552,0
567747668512735232,0
570021054015541248,0
568885959225446400,0
569607661655715841,0
569875419412828161,1
569931387073105920,0
567729368110096385,0
567822117237170178,0
569621698905022464,0
569669129130647552,0
568450407204139008,2
569617808885096448,0
569535820270583809,0
569630959718551552,0
568432328902610944,0
569641735086858240,1
569942903683813376,2
567793696956231680,0
568243175074242560,2
570248954572619776,0
569853969469734912,0
569609436714680320,2
569696862011133952,0
568281631443841024,2
567830627219939328,0
569745645956771840,1
569699279566016512,0
568639956622512128,0
569682194236641282,0
567841954484068353,0
569009996668624896,0
568976617453658113,2
567752542491516928,0
569528923769298945,1
569906183487643648,0
568810700828741633,0
570005004012138496,1
569117696610185217,0
569596089625661440,2
569978187465166848,2
569592402085847041,0
567812402764374016,2
568190250377461760,0
569891023335387136,0
567924107183915009,2
569960080734490624,0
569541328289165312,0
568474960097878016,0
568444359391252480,0
570250443034640384,2
570174284284497920,0
569705813142409217,2
568416602728890370,1
569328773876871168,0
568495601471647745,1
569725021951791104,0
568949545972961280,0
567814896965124096,0
568853249551409153,2
569677776384598017,0
567733682879086592,0
567735239456194560,0
569930942833258496,0
569716576850731008,2
569925612069998593,1
569596325076955137,1
569580671112388608,2
569728621344104448,2
569764857991467008,1
568829196962828289,0
570205132094349312,2
569392511732588544,0
569942656522047490,0
568626423273017344,1
569204038811717632,0
569318130356502528,1
570287318264905729,0
569967469135142914,0
570191763731841024,1
569890741666717697,0
568844412970770433,0
568408789512105985,1
568917869762904066,2
568586882600161280,0
569491334643347457,0
569148114193530881,2
570295795985080320,0
570236587386122240,1
567807844687577089,1
567728017196457987,0
569652478020489216,0
568883827218763777,1
568931762518110208,0
569917319381712896,0
569296707982221312,2
569659617699074048,0
570010571707256832,1
569895498527727617,1
570207886493782019,2
569248904866336768,0
568885966523527168,0
569864608145502209,0
569573528149716992,0
569710072491745280,0
568178946585579520,0
570269976042573824,0
567768552644423680,0
569942200735424512,0
567871780188061696,0
569156425626329089,0
570295901555699712,2
569323273172832256,0
570064381410734080,1
569448465991737345,0
569931705022164992,2
568988406476189696,1
567816074898513920,2
569837569392967680,2
568140724618686464,1
570038991527002112,0
568182386409607168,2
570264474784894976,0
570218829546024960,1
569660501526859776,0
568061283200839681,0
569632685318115329,1
569636013443719169,0
569863194929471488,0
569556796525969409,0
569839889564307458,0
567734795849834497,0
569906117100351493,0
567760901869416448,0
569664787946164224,0
569954583209881600,0
567829387485130752,2
569355826248474624,0
569926608997498881,1
568173388663013377,0
568482252168019968,1
570275010759102466,0
569976751205584896,1
568712938019639296,1
569284223590232064,0
568647808619659264,0
568537606503280640,0
568894101766012929,0
570106249024446464,1
567741884140093440,0
568183509577125888,0
568850852909342720,1
569033988855037952,0
568234992557527040,0
567759456503881729,0
569990330227007488,1
569977585003827200,0
568711179318779904,1
570000364692484099,0
568489786081714176,2
569587787680256001,0
567879331810246656,0
569565359524716544,0
569881123741937664,0
567892179953262592,0
569564610837086209,0
569836725612220416,0
569172793608278016,1
568153823581216768,0
570242452092813312,0
569284604567228416,2
568561924985782272,2
567834021293596672,1
570239952975482881,0
569835633147056128,0
568518406959312897,1
570121689503301632,0
569796511409704960,1
570097432383651840,0
569625599570014209,0
569698562734321665,0
569671454419079169,0
567738154128769028,0
569463954155700224,0
568504198385373184,0
567702414157824000,0
568913623327703040,0
568920244691070976,1
567838896731615234,0
570028125024706561,0
570054105789550592,2
569918932116643841,1
568496673237929984,1
568086068135895040,0
567737598115082241,1
568546953262436352,2
570263872004874240,1
570106579879645185,0
569204255191490560,1
570267535515324417,2
567831549539966976,0
568558979841810432,0
569648849494675456,1
570049018820042752,1
569664007864492032,0
570226414525542400,0
569904406285516800,0
569620102389350401,2
570284482588246016,0
569520425312632832,2
569946012988669954,0
569544271017037824,2
568821307766222848,1
569818697113702400,1
568052354525696000,1
567723431513575424,0
568892540889509888,1
570292976603295744,0
569936251551232000,0
570276440874323968,0
570160394494480384,0
570009951474753537,0
568818695562260481,0
567643252753694721,1
569183494259273728,0
569533648367722496,0
569936580883783680,2
569907141596864514,2
568473140654788609,0
568569662717313024,2
569530159247826944,1
570288961064710145,0
567862940348579840,0
570057416718491649,0
568187577909563392,1
569484400594952192,0
570057520162721792,0
568649338005487618,0
569935692161134592,0
568192010789777408,2
567862181208805376,0
569991295776595968,0
568917936783491073,2
570302337069264900,0
569920593597894657,0
569149949989879808,0
569235954789015552,0
568809558786899968,1
569544819510345728,1
568494596973600769,0
567866511626346496,0
569698504467021824,0
568839036007260162,0
567876290524495872,0
567814001212809216,1
568553155937452034,0
569863349737021440,2
569125033509048320,0
569372422509453313,0
569649617802891264,0
569992886256832512,0
569459269394956288,0
569526559012495361,1
567764034418909186,2
569729072697352192,0
568549214696935424,0
569649222963871744,0
569952282277773312,0
568158732930191360,1
570021128032407552,0
569248400836726786,2
569691574625415168,0
568057232392380416,0
568808397660774401,0
570269633778855936,0
569627200133197824,0
568389266155438080,1
569366138963959808,0
568547201208565760,2
568795875612463104,0
568452676452806656,1
568234631465734144,0
567851942627577856,0
569175138349887488,1
568078441364393985,0
569342909205647360,0
568078285520785408,1
567824260207738880,1
570259502685151232,2
569596394819883008,0
570291642550386689,0
569686397789057024,0
570295745921880064,2
569745728693784576,0
569504566380797952,0
570211313072238592,1
569250623427780608,1
569208236487745536,0
569234592420331520,2
569997215453855744,1
569659956384788480,0
569527183825182720,1
568647206695120896,2
568532825281937408,2
568508151852457985,0
567811913586876417,0
570079549914005504,0
568567255291703298,0
567739553251725312,0
568469942711885825,1
569980631548973057,1
570090102195486722,1
569901998780198912,0
568431753272168448,0
568140506116571136,1
569715707736420352,0
568006084360863745,0
569298251418959872,0
569616362223628289,0
567992830943223808,1
570282469791911936,1
568780552964145152,0
569899413558169600,1
569708886518849536,1
568166390873653248,0
569277512892551168,0
568605449659895808,2
569168016136495104,2
570300177367633921,1
567806501402976257,1
569600720254541824,0
569233335915925505,0
568815263900180480,1
568523935853051906,1
569943022474956802,0
568668179158806529,1
568560786756366336,0
568024213753364480,0
568815686446788608,1
569911064105754624,0
569335521752715264,0
567724950556258304,0
570298918971576320,0
568073860911927296,0
569248700947689474,0
569459543236874240,0
569902743135117314,0
570271160363057154,1
569515688898875393,0
569282312203997185,0
568264293478744064,2
569730801480245248,0
569785074910154752,1
568238793150611457,0
567745507834220546,0
569333934670139392,1
569589028590391298,1
568826225621405696,0
567869456048865281,1
568792520337039360,1
569598544379817984,1
568977439398821888,1
569732355067244545,1
569529128585555968,0
569670802867556352,0
568443892569235457,2
567933117610074113,0
569852380327612416,0
568872880865325056,2
569971722155208706,0
569915550127800320,1
569155235156856833,0
569596502558920707,0
569739515243462656,0
570211577087041536,0
570106717490393088,0
569434598825992192,0
570263130141564929,1
569672202037170177,2
567773611591626752,0
569714755838935040,0
569541291467522048,0
568495216291913728,0
568539224770637825,0
567741610373685250,0
568808975828955136,0
568049316582932480,0
567818953881419776,2
568302985802956800,1
570019623078383616,1
570000250225754114,1
569674358135914496,1
569927506112815106,1
569688698301784064,0
568890203923980288,0
568787660266823680,0
568252192592769025,1
569688822180503552,0
570033439857979392,0
569683647990599681,0
568416873211015168,0
569207022597509120,0
569940147615113216,0
569732616376725504,0
569694343776194560,1
568639207846989824,0
568262481698803712,1
569260955953176578,0
570224942681206786,0
567921825948250112,0
568806237804109825,1
568574897988874240,0
569729732952109056,0
570292715444965377,2
569555930028748800,0
570017357747380224,0
570058065480962048,1
569915941192015872,0
569143215405674497,1
569936893166489600,0
570290034009636865,0
569725805066002432,0
568178085415092226,0
568128387576762370,1
567753899939860480,0
569801303204851713,0
569221909231104000,2
569957053432639488,0
569640139288412160,0
568469582295379969,0
568917429033652226,0
568558728263254017,0
568249421877653505,1
568164721406418945,0
569502050536587264,0
567834881939546113,1
569757363797757952,0
570288282413633536,0
569948131397410816,1
569256434736746496,1
570209843199524864,0
570188097305976832,0
569695357858238464,1
569623948767268864,1
570287271234174976,1
569261236094967808,1
569552945324273665,0
568094581041934336,0
569937119411462144,0
568458999798108160,0
568586894776406017,0
569675637365071872,1
567737803060940800,0
569665766628286464,0
568342540837105664,0
568154689449168896,0
570125976195219456,0
567907813126582272,0
569757907048202240,0
568923795228139521,0
569734884396302338,0
567905540761870336,1
569656873315487746,0
570076476252356608,0
569991566087073792,0
570189507447775234,0
567792966690168832,0
568100000418250752,0
570300915418320897,0
568790685723136001,1
569766247715319808,0
569753041420865536,1
568991695917834240,0
568841522646552576,1
568836642825375744,0
568850531642253312,0
569667782910058496,1
569643344462262274,0
567819606904295424,0
569368352868556800,2
569983093341347842,0
569269140386488320,2
570093520909832192,1
567857491284877312,0
569634891857600514,0
570286565894828032,1
569620944160886784,0
569964670531973120,1
569791667827388416,1
570021225323298816,0
569575780864241664,0
570042981794729985,0
570004771496714241,0
569642145977479169,0
567878239156338688,2
569767266075742208,1
569861417689419776,0
569741221783957504,0
569519860994203648,0
569842758967386112,0
569094744615157760,0
569600694388445184,0
570001283907768320,0
569983587572789248,0
569122341797691392,1
569559734199721984,0
568961738596462593,0
570067446712791040,0
567890265416945664,1
569678562136956928,1
568449223730925571,0
569837685428359168,0
567863445422546944,1
570076595647426560,1
570247871716405248,1
570284934771974144,0
568624572985004033,2
569641810571763712,0
567739036425805824,1
569556131078475777,2
569303779822190593,0
568701051903336448,0
569883743223050241,0
568838717303074816,0
569865022031015937,0
569634833917452288,1
568207908057567232,1
568444328873467905,0
568773869512761345,1
569709870729068544,0
569836433931808768,0
569674298924900352,0
568187959276646401,0
568590189582536704,0
569044397645385728,0
569929414491779072,1
568875212202078208,1
569259613041897473,0
569400431002173441,0
569963395652280320,2
568451219477250048,0
568967580595064832,0
569950450352414720,0
569626951733932032,1
568180710252646400,0
568433610765815808,0
569900147343265792,2
569311644934807552,1
570179562174328832,0
569668913916567552,0
568751415390285824,0
568541016472432641,2
568506797805318144,2
569476281974132736,2
570307026263384064,0
569635382834421761,0
570278803399798784,0
569983373378252800,0
569206447608877056,0
568425272304934912,0
568177521327509504,0
569868201720287232,0
568888806805512192,1
569672021078114304,0
568676407729131520,0
569638675170131968,0
569353454914662400,0
567781675514343424,0
569763942144176128,0
570045461077352448,1
569871411843461121,0
570075821127249920,0
568478881063276545,0
570016198747758593,2
570085165378068480,0
569620169971998721,1
569242037968445441,2
568104264733573122,0
569621879633391616,0
569742995102117888,0
570217450874146818,0
569911218942517248,1
568796449863028736,0
569183712606179329,0
568861255731154944,1
567743132180033536,0
568220313370013696,2
570084690608201728,0
568216602866376704,0
568834890046832640,0
568899508601430016,1
569859985208770562,0
567972174398689280,0
569627485240844288,0
570286882623369217,0
567802752677457920,0
570195827341312000,0
569192778468626432,0
569316516321202176,0
570244934634090496,0
568093497431101440,1
569883558749335552,1
568435938264625152,0
568954046700064768,0
569326818697871360,0
568155289146363904,0
568926999680569344,0
569212376421158912,0
567758882484793344,0
569259756344487938,2
569672329321701376,0
569803188901031936,0
569439674294337536,2
568096554638159872,0
568423278555086848,2
569659620517662721,1
569913149505163264,0
568558562810544129,1
569805215605456896,0
567751025890709504,2
569820671234060288,0
569156387789361153,0
569632584424153088,0
569557756597776384,0
569545323657494528,0
568481405681999872,0
570265609122029568,1
569877449389051906,1
568749392083206144,1
568380302114086912,0
569958349514485760,0
569663577226915840,0
568787831436345344,0
570011378091753472,2
569673346864037888,0
569924418320740352,1
568629558716592128,0
569617064375271424,0
569763137819267072,0
569261791928315905,0
570070364723814402,0
570272154635374592,0
569354267854704641,2
569690131235340288,0
568411114448523264,0
569646309159927808,0
570226365410230272,0
570298036938772483,1
568812829324775428,0
567847753277120512,0
569698461911683073,1
570272406570442752,1
568918820632403969,0
569599116403036160,0
568784436428300290,1
569646535215939585,2
568454321219596289,0
568909200832618496,0
569866310793826304,1
569763346431414272,0
568166403246850050,1
569304186548047872,2
569876837087580161,1
568534107875119105,0
569219405852377090,0
568113981866446848,0
569681184898162689,0
568908838784475136,1
569623849752358912,0
568999279936679937,0
569224171303145473,0
570222626712514560,2
568773342053969920,0
567918545046081537,2
569343160062742528,0
569658058546286592,1
570203943671865345,0
568845724110213120,2
569944355261304833,0
569146084632760320,1
569032643548811264,1
570275248052039680,1
567756556536909825,0
568825542792720385,1
569610542723309568,0
568769111561527297,0
568491160056045568,1
569738845895335936,1
570040644451708930,2
569040346262282241,0
569346870423769088,2
569602407417692162,0
570045818205384704,1
569021943828983808,1
569382354529030144,0
568095440517754881,0
569682325778231297,0
569368532242145280,0
569647396940075008,0
569716703556444161,0
567729135733465088,0
568599168949886977,0
570023321904943105,0
568161284249796608,2
569614679154143232,1
569938090510454784,1
568548980122103808,0
570281958556610560,0
568475305675001857,0
568423284401836032,0
568258726668443648,0
568181761114546176,0
570098324172206080,2
568443742610305024,1
570212246053220352,1
568823990321598465,0
569683558081687552,0
569641247075213312,0
569889846472409088,0
569558286216929280,0
569905336380989440,0
569619001820590081,0
570093964059156481,1
569003837975089152,0
567831392526036992,0
569514063019053056,1
567797955202416641,1
568652268305666048,2
568893453515378689,0
569368523178270721,0
567803467282046976,2
567755891714174976,2
570277008216870912,0
570295202616889345,0
570097527841693697,1
569568010555432960,0
568204029517553665,0
569631847547867136,0
568862320442662912,1
569373375988150272,0
569398722884280320,0
569992362728005632,2
568063122755485696,0
569616883734974464,2
568181747357229057,0
567754288055988224,1
569260276626956288,1
569543665221136384,0
569911783596560384,0
567897182545686528,1
570275536406253568,1
569650751598944256,0
568762437832478720,2
569831393682976768,0
567778606546694144,0
568920314073260032,0
569917442455175168,1
570216815105847296,1
569577696793006080,0
568370280415899648,2
569903120781852672,0
569665707870285824,0
570209266264449026,0
569523293356630016,0
569380376709238784,1
567801569157324800,0
569894969332400128,1
569314329276715010,0
569676933778292736,0
568611514711552000,1
570222625621831680,0
570236221575704576,1
569206152510226432,0
570012849067720704,0
569981026598043648,1
569940889902034944,1
568503120130658305,0
567848437992984576,1
568828648687591424,0
569677848983801856,1
569176543236399104,0
568159336104636417,2
568885556718907392,1
568109390026448896,1
567825347439370240,0
569671908251213824,1
569461666695524352,0
569421478460063745,0
568527922576777216,0
568574762433138690,0
569599269189107712,1
570246695595999232,2
569619208884977664,0
569323727818657792,0
568155779225788416,1
568782732358258689,0
570006737190854656,0
568213769098108928,2
567663504102940672,0
569682010270101504,0
568810866830913536,0
568619699212140544,0
568981498046623744,0
568100090390425600,1
569170903948500992,1
570229420058918913,2
568562849447948288,0
567909745211879424,0
568767621186912256,0
568604311598469121,0
570211810038521856,0
569641343439360000,0
569665202616020992,0
569471541554978817,0
570146091141722112,0
567733978363621376,0
569323082701275138,0
569143996422995968,0
569210743133831168,1
569287724471066625,2
568104590387884032,0
567807014388154368,0
569601913832022016,0
569317426975760384,1
568549003626811392,1
568072079096061952,0
568239978276360192,0
568129940371214336,0
567804488687345665,1
569872132269682688,0
569554776611901440,1
569171651381702657,0
569510808847196160,0
569483642931691520,0
570006707935571969,0
568094311159476224,0
568064123621093377,1
570255224155348992,0
567729696662511616,2
568505615208693761,0
569947283846004737,1
568716388866629632,0
568186047659507712,0
569599295713890304,0
569611581920808960,0
569967850670018560,0
570284862122233856,2
569666428388958209,1
567763065706250240,0
569111291454840833,0
569698217614544897,0
568849058523033601,1
569621976131772416,0
567985715017072640,0
568811384437411840,0
567831245260005376,2
569950215513497601,0
569866669243265024,0
568182544124014592,0
569755053159874561,0
567758296417718272,0
569421367243878400,1
568514213921947648,1
567875699056467968,0
567784566614540289,1
569250085516681216,1
570247428139569152,0
567851275599110144,0
569021593852239872,2
567804718886711296,0
569854540494868481,1
569993494715977728,0
570038112166002688,0
570163259560452097,0
567794720425144321,0
569328854948573187,0
569230193220554753,0
570268875872473088,1
569672055471210496,1
570221343985295360,1
569774078233419776,0
569945237025648640,0
569684686160719872,1
569952247641198593,0
570195036782133248,2
568862907850743808,0
569017194564096000,0
569539746348675073,0
569462023173619712,1
568898634923843586,0
570157210183069696,0
569959200891252736,1
570038498566283264,1
569821659097477120,0
569538524321419265,0
568645576008400896,0
569608190410809344,0
569371393294344192,0
569886612538023936,0
567822648047321088,0
568558819959119872,2
569930577643769856,0
568435677190336512,1
569780939280093185,1
568437777647460352,1
568563550475698177,0
568583014176960513,0
569850083140882432,0
569984773365612544,1
568538242380742656,1
569276415927037952,0
569656281885077505,0
568894021688434690,1
569815061440679937,0
568997136643309568,0
570306423818723328,1
567759268724887552,0
570014884651380736,1
569120836264853505,0
567887326350811137,0
569925082832728064,1
568107310117212161,0
569801089022734336,0
570241403822813184,2
569571437389881344,1
570250371110539264,0
569629305023569922,0
569618659917893632,0
570278869133107201,0
568209150410248192,0
569915529496027136,0
569645815268044801,0
568433759919452160,0
567926839630557184,0
567874261085454338,0
569652510794887168,0
569667401769459712,1
568995256525398016,0
567755542362591233,0
569334462292434944,0
569168515674058752,0
569577959440257025,0
568077514905505792,0
569143528397254656,1
569206071081832448,1
570071482182692865,2
569974656653877248,1
569738748885278720,0
569727383797829632,2
568788652995833856,1
570284129138274304,2
568833409138745344,0
569097525690568704,1
569362336991092736,0
569953001751732225,1
567929116969684993,0
567746544536145921,1
567886909516685312,0
569949405136232449,0
569556807703764992,1
568570374335524865,0
569369390178799616,0
569701848476745728,0
568869609622904832,2
569301386262745089,0
570239546673238017,0
568507131902726144,0
569715233549369344,0
570087324949864448,0
568851381769134080,0
569532667869335554,0
569921385100750849,0
568140468854198272,0
567830303121870848,0
569261989735718914,0
568780060720701440,1
569947618413031424,1
569989697449140224,0
569827206928715776,1
568828267660054528,2
569546406442209280,0
569942703494070272,0
570186533258416133,0
569723864252424193,0
570273819287531520,2
568177098038349825,0
568102187294973952,0
567720082860949504,0
569570819757752320,0
569651579307069440,0
568121659988824064,1
569689239136423936,0
568888508703752194,0
570097596913623040,0
568137557935960066,2
568456310972424192,0
568830255282040832,1
569660698231308290,1
570007003659149312,0
570305063052283904,0
568803368367366144,1
569650819894652928,0
570085423801888768,0
569697236982104065,1
569995897234288640,0
569242425530712064,0
570204309041893376,0
568169379613032448,1
567897643873148928,0
569030858759213056,1
568169837878484992,0
568449649951907840,1
569302005111508992,0
570286359983886336,0
568108522313015296,1
567901267063803904,1
569420890003410944,0
568426579874996224,1
568140329821577217,0
567886700275310592,1
568096674167595008,1
568989506784722945,2
568828240204333056,0
569714439517138944,2
569631041356320768,0
569528768148041728,0
569983030108024833,0
569164042679377921,1
569213503954915329,0
569617202984255490,0
569636003473793024,0
570298018685165568,0
570205323992174592,0
569990010067423233,1
569254331725139968,0
570224746652160000,0
570195444300718080,1
570006834674835456,2
569991606385967107,0
568148282762874881,0
569870036992593920,0
569554937744486400,0
568541043106435072,1
568626969983750145,1
568092350355865600,0
568527764812374016,1
569802676914909184,0
569699027782012930,0
570259131879309312,1
569607287867883520,0
568377392420356096,2
569164614921019392,1
569846356409339906,2
570290730796777473,0
569919280361414656,0
567746576626356225,1
568726628639100928,0
569601869598867456,2
568383068244819968,0
569233955951480832,1
567781176375803905,0
569513151517073408,0
567764411205439488,0
568640650129731585,1
569510774957170690,0
567802008292564992,0
567808424696893440,1
568760299978948608,0
568807451249627136,2
567667301067915264,1
569534939642925058,1
567733847132229632,2
570087222663229440,0
570272714205863936,0
567885370064506880,0
570027321178099712,1
569717739113320448,0
570068466717237249,2
569817051482726400,0
570030761539182592,0
569841476240166912,0
569679296572170240,1
567797429517692928,0
569852334324518912,0
568440514506301440,0
568782761852596225,2
568890062286385153,2
570296273611448320,0
570177745759678466,1
569631404306210816,0
569975113694760960,2
567907935331971072,1
569332442194178049,0
569202773704646658,0
569566323912671232,1
569964627305603073,0
568858696198938624,0
570002971678756865,0
569634748177514496,0
569244957698969602,0
570184343857045504,0
568155450824216578,0
570275726483542016,0
567761644802293760,0
569327949553520640,0
569631824101683200,0
567873006501888000,0
569706793531629570,0
568858899438178305,0
568970614238617600,0
567771225104338944,0
569763359278505984,1
567778498723737600,0
569869892960133120,0
569240866684071936,2
569699455919726593,0
569890309624082432,0
568976326666768384,0
570290540274688001,0
568817526823456768,2
569929653730840577,0
568130484934459392,1
569226128168062976,0
568969143581413376,0
569635077623148545,0
569492269000204288,0
570289777184002048,0
568214651336396801,1
569702019797286913,2
568502112457510912,0
568482893913333762,0
569892141335334913,0
568677633682214912,0
569710446112067584,0
569723119415513088,1
569587844693536768,0
569713993532600321,2
569964493066919936,2
569925511394119680,1
568258906159501312,0
570192886689628160,2
569334635227820032,0
569922008588222465,1
567750529620697088,0
569967925416886273,0
568959416524886016,0
568566331169247232,1
570267915154538496,0
567841818357964800,0
569353641615687680,0
570307948171423745,0
567770621451702273,0
569195394065952768,0
567759344360783872,1
569672234949742592,0
569644492040613888,0
569772867774230528,0
568438724708544514,1
568091623986319360,0
568786811381616641,1
568581984055906304,1
569184833361936387,1
568110846057975808,0
568958770849705984,0
569604198771363840,0
569671981852798976,0
569861759240171522,2
569245240336330752,0
569669921258409985,0
569473302940372992,2
569656322154565632,0
569433059168260096,0
570053912214024193,2
568853412617560064,1
569989023478841345,2
568747605653643264,0
570271896887017472,0
567827275619549184,1
569234806543929344,0
569318905476476928,0
567741202884075520,1
570279653337927680,1
570115988714164225,0
569242143748964353,0
569645082414080000,0
568806035294695424,2
569621991852019713,0
569878584967344128,0
569749507623120897,0
567842015418978304,0
567894706325188608,0
569611549960044544,0
567717552290136065,0
570119444451745792,1
569981614543007747,1
568881148325007360,1
570070880983711744,0
569377633894445056,0
569496068255195137,1
570108724636831745,0
569556215375613952,0
568844772191940608,1
570083898031513600,0
568170036248092674,0
569393239700013056,1
568472259020648448,1
567767439493300224,0
569299492127842304,0
567979842882428928,0
569539111222190081,0
568125723594133504,0
570046387825410048,0
570309340952993796,1
568803073835077632,2
569162600237236224,0
567899906150703104,2
570289080090689536,2
567766563533897729,1
569294326259253248,0
568654300802473985,2
568894423507058688,0
568239036533497856,1
569972073201688576,0
569103956795904000,2
568173724974878720,1
567853054348754944,0
567827442657677313,0
569895176631554049,0
568778893085290496,0
569168955786600448,0
567963422903705601,1
569337645878390784,0
568110197966643201,0
569652510950100992,0
568149912665198592,2
569660166959865856,0
569695412740714496,0
568804253151731712,0
569318589817364481,0
568451040397422593,0
569253382898126850,0
568212893012860928,0
568424902287446016,0
568217681838641152,2
568171015131394048,0
568969040133165056,0
570245555064074240,0
568268831228964864,0
569263837448269826,0
568234955672694784,0
569619668060807169,0
568429798604857344,0
568275123037286400,1
567808748711051264,0
569674812781694976,0
570033309113131008,0
569638441803075585,1
569596665864130562,0
570151672070205440,0
569022042349051905,0
570205880504815616,0
568211991757770752,2
569936014094897152,0
569939611650166785,2
570066450796257280,0
568949828518084608,1
570305603056349184,1
568807231396802560,1
569140808227672064,0
569782378270314498,0
570303383782989824,0
569939458965032963,0
569618538924789760,0
568425737092513792,0
570246490473566208,0
569222494952886272,2
570187432815013888,1
569527440499978240,0
570290337169739776,0
570280378193330180,0
569686372124102656,0
568103735827804160,1
569020829033492480,0
568990399814987777,0
569889219805642752,2
567826761141985280,2
568496176116457472,1
569213197485514752,0
570201707621146624,2
568912730742255616,0
569983967467868161,0
569932363641298944,0
569607719713288192,0
567860313883693056,1
570262112477401088,0
568448300325605377,0
568162054206435328,1
569573704902049793,0
569620438734807042,1
569836467876470784,0
569565393502793728,1
570302532955844608,2
570009576273154048,0
569953475640995840,1
568193347216474112,1
568640966866935808,0
568499953041080321,2
569531924219191296,0
569715860241129472,0
569258404742500353,0
567766384378388480,0
568112232208293889,0
568856846523502594,0
569548841361412096,1
569750857215922176,1
570303889754488832,0
570009897846374400,2
569213883371683840,1
568469155709624321,0
570043574097555456,1
568531187481706496,1
567873196730421248,0
570041112624295936,2
569949007465844736,0
569125947200413696,1
569138202424025088,0
569640574971715584,0
569350289729458177,0
570030390309552128,1
568983580585517056,2
569960311022850048,0
570301488192458752,0
569588138273865728,1
568527605063757824,0
567822377473728513,0
569668606142783488,1
569644697309872128,0
568432390957355008,2
568154816414789632,0
569217317315354624,0
570302460235026433,1
569278644943757312,0
568258093051727873,0
569461469042966528,0
567918931148685312,0
569320844503228416,0
567796029056385024,2
568859651980156928,1
570214968622239744,1
569603326947364864,0
569779173461336065,0
569973352837853184,1
569267323330129920,0
569644759024852992,1
567727292739092480,2
569967019958730753,0
569738487269756928,0
570276681551732736,0
570295745921880064,2
567985483135000576,0
570265699215675392,1
568072958821990400,2
567771077359570944,1
568899726273323008,1
570300177367633921,1
569949588527775744,1
569616490380439552,2
567775613348376577,0
568491484401557504,0
568868703762296832,1
568482353254928384,1
567809206314668033,2
567827091409092608,0
568482472880697345,0
569873091763032065,0
569988297633583104,0
569615983205347329,1
569915992777687041,0
569952317556043776,0
569822102062309376,1
569627744021184513,0
570185687569469440,0
569505992163135490,0
569366968446246912,0
567894427244589056,0
569224234150404096,0
569675774627848192,0
570249083790733312,0
569641785347059712,0
569603991551782913,1
568963398781808640,0
567847737061941249,0
569262702301876224,0
569653506291818496,0
569597220871282690,0
568571242627903488,2
569871979739635712,0
568628841431867392,1
568474442210283520,0
569352134774415360,0
569913274218622977,0
569248875825008640,0
569521101736439809,0
569580275182772225,0
568228749696577536,2
569891350302367745,0
568435750485819392,0
569617704644165632,0
567984939221852160,0
567753194546421760,2
568834834040164352,2
568457681855340544,0
568411566233804802,0
568050777744379904,1
569179898532761600,0
569830532516868097,0
569633393673150464,0
568123193577177089,1
569284887955558401,1
568195569350549504,0
569237947033255936,0
568107719737020417,0
569938672935546880,0
568793432900177920,0
568797966489690112,0
568882014415249408,0
569683696422244352,0
568171538324840449,0
567876244722814976,1
569940582572945409,0
569238938042421249,0
570115532906569729,2
569508469088387072,0
567903653933101056,0
567655489119326209,2
568611966937214976,0
569236124192931840,0
568093957080551424,1
568946758404808704,0
567960564023967745,0
569151232738095105,0
569643614113918976,0
570257564023128064,1
567852550512181248,1
569620850820956160,0
569960667140235264,0
569307466896424961,0
569739154600300544,0
569847223829307392,0
569370900568502272,0
569601337882755073,1
568435290722975745,0
569624865558245376,0
567735337246806016,0
569724545738760192,0
568840701850419200,0
569633166031511552,0
568081401053974528,0
570040903735373825,1
569955602782236672,0
569619569372823552,0
569665692770967552,0
569866847690100736,0
569589872094289920,0
569644957188939777,0
569263677234388993,1
570191664628699136,0
569550676784578562,0
570012789479055360,1
569590965880532993,0
568026425535516674,1
569514750842789888,0
568968480717983744,1
568591158777122818,0
568416519073468416,2
568648777315147777,0
569676871744364544,0
568786315820470272,0
570291091204919297,0
567614049425555457,1
568888167681695744,2
568769725175435264,0
569642200595898368,0
569736434803978240,2
568221293914533889,1
569984789673078785,0
569596652622721024,1
568806985505726464,0
568430087298801666,1
569646230264885249,1
569641326536462336,0
569907782108839938,0
569671468369338368,0
569932833709527041,0
569388260633542657,0
569967493487292416,0
569429411646156800,1
570307876897628160,2
568805444761681921,2
569517360828145664,0
568160511264571392,1
568829891220803584,1
569547374454050816,0
567886241179377664,0
569967632868188160,0
569670523765960704,2
570192452486889473,1
570126668922294272,0
569342888615620609,0
570105753471746048,0
567896872892899330,0
568809407120855041,0
569860221755117568,0
570166071640133632,0
568533372709908480,2
570162212616212480,0
569647146712113152,0
569527176350969856,0
569539074106789889,0
567738484082114561,0
570072252026376192,1
569651320736522240,0
568852572188098561,0
569870442388983808,0
568432918110064640,1
569630266664325120,1
569972721901277184,0
569722367343136768,2
569351147930169344,0
569992234801737728,0
569251768770502656,0
569727036627034112,0
569674883099205632,0
568375354982842368,0
570214732067700736,0
568926552836182016,1
570073705507725313,0
570225899964129281,2
569668853849919488,1
570195970610348032,0
569965376186019840,1
568919308006395904,0
570264153559949313,0
569277854950817792,0
569163008309657600,0
569943857418399746,0
569866168527405056,2
569476889313562624,2
569877754801360897,0
568804416662454272,0
568931356287365120,0
568432677789011968,0
567808567580041216,0
569310448300003328,0
567777622357475328,1
569336095411965952,1
568278936561401856,0
568640385117003776,0
567919283419742210,0
570013116857237505,0
569645836109418496,0
567831351195484160,0
569618750946873344,1
569593694963310593,0
568855390462603264,0
569626388610859008,0
569148485519462400,2
570282555057909760,2
569935639539425280,0
570235413224427520,0
569851972645466112,0
569232738655412225,0
569647618932002816,2
570177012360462336,0
567729325810917377,0
568204182676578304,1
570267592478191617,1
568519214211813377,0
570230559693078528,0
569956726318850048,1
569555072067051520,1
569165517614944256,0
570272186419847168,0
567773609939058688,0
569257932908470273,0
569345701487906818,0
569676336635236352,2
570104743747416064,0
568049335235010562,1
568152534507855872,2
569294014026903552,1
570230059170004994,0
569550487474712576,0
568116088631791616,1
568382790506389504,0
568835255722860544,2
569297162795937792,1
569865540098871298,0
569842067544805376,2
568928817651167232,0
570018532727103489,0
569286569548320769,0
570195799256072193,1
569679759250038784,0
569339717990400000,0
569716857869107200,0
568789267180331008,0
568525820764897280,0
569844379176853504,0
568585196699664384,0
568444650903748609,0
569662896344592385,2
570289587794407425,0
569881379825164288,0
569252657967341569,0
570280800244994048,1
569651129136459776,0
569626978397134848,0
569671485930876928,0
569659646916440065,2
569722907187752960,0
569703866997952512,1
569983469930967040,1
569925111475793921,0
569258934864781312,1
569603833804038144,0
569327646917537793,0
569502869243736065,0
570091270334509056,0
568997237176569856,0
567734618095230976,0
569989330057342977,1
568204138091307008,0
568130768788185088,0
568505037833396224,0
568029222574407680,2
568481017876623360,0
569682277111889920,0
568210186755813376,2
570009886198796288,1
568931759150084096,1
568185092163678208,0
568248180057325568,1
569842758967386112,0
568549781502496768,2
570109219078152193,0
569618327078887424,0
569481897203494914,0
568005542997860352,1
568630879246901248,0
569690742169292802,0
568484039499378690,0
568797729876344833,0
567814095626575873,1
569747046338588672,0
568755759670022147,0
568545438976102400,0
568881593395208192,1
569445528225718272,0
568258333649604608,2
567758009607421952,0
568167917004718080,0
569892876642955264,1
569479008708120576,0
569180623165915137,1
569337170210607105,1
567951109677027328,0
568250452057427970,0
569557964991930368,0
570308309682675712,0
569615410720432128,0
570160153493774337,0
569910981868060673,0
570175461298475008,0
569164415322492928,0
568559680894550016,2
568930588868141056,0
568069363280035840,0
570059574268469248,0
567739357881040896,1
568307768551026688,1
570035728832446465,0
568267340405542914,1
569748501342478336,0
568378076955938816,0
568115075266973696,2
568550060461408257,0
568918759664021504,0
568790015142178816,0
569339928678522880,1
570133607223840768,2
569620597543739392,0
569485297639149568,0
567790510502371328,0
570051381534396416,2
570246800247902208,0
568054514617622528,0
568861309384728577,0
569851578276048896,0
568371161484161025,0
567924953976152064,0
569348268154609664,2
569454437288140800,0
568195829238005760,0
567724189872697348,0
568212796422406144,2
570123495180410881,0
569701230479413249,0
569604674715693057,1
568678961229762560,0
570282089863626752,0
567872614296862720,1
567797436652199936,0
569534372954681344,0
569971526876962819,0
569372837854756864,0
569525690950815745,0
568533099908182016,0
570197193254170624,0
569886288691773440,0
568501293079248896,0
569967305859293184,0
568119831519739904,0
569950555344228352,0
569305311007399936,0
569581977889869825,2
568614750508036096,0
569907019081228288,0
570263871526559745,0
569234924785414145,0
567686845903826947,1
570009743160254464,1
568505228062023680,0
568275380441726977,0
568790282839433216,2
569612999415111680,0
569302599591022592,1
569967974284713984,0
569533663211356161,0
569624406437306370,0
569960085654364160,0
569923934054805504,1
568525567575744512,0
569616836884619264,0
570280641771790336,0
570110280635588608,2
568203174198284288,1
569690317869330432,1
570306715599695874,1
567735983370539008,0
568095961408507904,1
568248151368269824,1
568943601306210305,0
570087022292905985,0
570280637946421249,0
569937722804211713,1
569944514137362432,0
569278421743878144,0
569620202045841408,1
569947048574758912,0
570259540697948162,0
569171631756546048,0
569683872046194688,1
567748863449395201,0
567818509650124800,0
570151703410053120,0
567823996852428801,0
569884071758835712,0
569979612865925120,0
569635623348215808,0
569805235255783424,0
568872365146251264,0
569903376583913472,2
568468724048646145,0
569942094766325762,1
569873665640292353,1
569834960107868160,0
567808255566602240,1
568813356296982528,0
569613526328717313,0
567905194563997696,0
569956115724660736,0
569643671198572544,0
568637034761302017,0
569925709025509376,0
568568938960805888,0
569732365968404480,1
570142665246965760,2
569700635152494592,0
569718285060706304,0
569528523418775552,0
568444042851323904,0
570116209263427584,0
568607402645454848,1
569998043761803264,0
570075916430397440,0
568487509958774784,1
569931787398303744,2
570044332843134976,0
568846188725841920,0
569966826639110147,1
570139793608175616,0
570075711433609216,1
569193887706812416,1
569698937281470464,0
570289557205327873,0
570289724453216256,2
569666455114903552,1
567851763136491520,0
567735943424397312,0
569155039983497216,0
569538002025779200,1
569683921908195328,1
569678632567881728,0
570187686213918721,0
568948008160661504,0
569411383265075203,0
570250566573674496,1
569622656770646016,0
569668144198848514,0
568524550251479040,0
570101803708080128,2
569250912784519168,0
569153098595192832,0
567799665061576704,1
567919961055711232,0
569283511192051712,0
567850537716092928,2
567810274083782657,1
568597062104813568,0
568162061278011392,0
568901823215448064,0
568146952635854848,1
567848716738011136,0
569237783715422208,0
569644249337110528,0
569922837353402368,1
569652497947734017,2
569761641211895808,0
570275106724782080,0
570116329694310400,0
570267902726803456,0
569954199821275136,0
567758165287002112,1
569634828641034240,0
569392880911036416,0
569716449704587265,0
568850967673896960,2
567837218628362241,1
569249223897526272,0
568429136584286209,1
568509669758660608,1
568166027726434304,2
570025681062633472,0
567773933928476672,0
569651226280751105,0
570073969690169344,0
570271792314617857,0
569947823615012864,1
570287638084763648,0
569648584909434880,1
569633285288157184,0
569840341899026432,1
569162211748245504,0
567712600772050945,0
569937987619803136,0
569554815539290112,0
569959365236690945,0
570226164146397184,1
569969062228439040,0
569178715051188226,2
569884052758659072,0
568014567089029120,0
569549686857736193,0
568115946738597888,0
569197515993534464,1
569869476453158912,0
568969667106045952,0
568971449815289856,0
569938844746956800,1
568829994786426881,1
569679450750750720,0
570037369841135616,0
569813752268374016,0
570085448271335424,0
568100973966569472,1
569516566380875778,0
569208051145650177,0
569305239834136576,0
569087442092826624,1
568800184345468929,0
568927631103696896,0
569855106583281664,0
570057809037008896,0
569572740723712001,0
568051218477654016,0
568242480518434816,1
568608850569338880,0
568682740020690945,1
568987648691449857,2
569324558999691264,1
568252787756302336,0
567910969856229377,2
568436693210173441,1
569329378061979648,0
570035207316885505,2
568971304914853889,0
570022626724220928,0
569665260375793664,0
568946686896132096,0
569373631999926272,0
569746398519955456,0
570037613899481088,0
569363188120207360,0
569535203888271361,0
570101027439046656,2
569684654380486656,0
569554727572099072,0
567752048402104320,0
569914295854739456,0
568142966570807296,0
568566729992847360,2
569304100048912384,0
569238749802074113,2
569623606684209154,0
569616335488966656,0
569265728408440833,1
570232726206312448,1
569367682811715585,0
569663735217971200,0
570202978650603520,1
568034808598810625,1
568108100827217920,2
568982494676172800,1
569635291490693120,2
568109878754934784,1
568840247657820160,0
569540668403662849,0
568811069575204864,0
569716646165778432,0
567728800864010242,0
569953988537249792,0
568431125502144512,0
570097279870361600,0
568181167054196736,0
570024174162485251,0
569989252613689344,0
568842944024875008,0
569590151657103360,1
570286100637466624,0
569846853350457344,0
570219379696148480,0
569865675793170432,0
569263177784905729,0
567822848878968832,0
569225085330071554,1
570299819610251265,2
568076556997775360,1
569658686999818241,0
569866337427664897,2
567885401714589696,0
568798862086836225,0
569908067762094080,0
569728466469453825,0
568781213651087361,0
570203218686423041,0
570073757508726784,1
567726092518031360,1
569587140490866689,0
569312077954854913,0
569585203666161664,0
569719242427396096,0
570296110633381889,1
569949968750010370,0
570109961511895040,0
569928060587233280,1
570109867031191552,1
567808893464899584,0
568938647795314688,0
569540659209596928,0
570017867342725121,0
569682192332234752,0
570283453750489088,0
569914957552353280,1
569155666440355840,0
568972438693916672,1
568433045805465600,0
568157049344937984,0
569960635376766976,1
568950850615316480,0
570101746590093312,0
569639607639285761,0
569701794714128384,2
570305365159632899,1
568762393083449345,0
568556874439790594,1
568258846235316225,0
569561754163769344,0
568498076962451456,1
569183099495383040,0
569615206625599488,0
569981722470834176,0
568706272788262912,0
569181243385909249,0
569924965446725632,2
569874524922978304,0
570083021099032576,0
569666814017294339,1
569359793800024064,0
568954934084788224,2
568561033641480192,2
569602860020850688,0
569969456190869504,0
569985760482365440,0
570009135519035392,0
569870819582586880,2
568802225058926592,0
570250940290342914,0
568992290833899520,0
568056665821413376,2
569616208804380672,0
567775456678912000,1
569741756968919040,2
567886894761005056,0
568840215089041409,0
569342650068934657,0
569976131748823040,0
569030219438239744,0
569681060553826304,0
569753797704024065,0
569526493023498240,0
569114409613860864,0
569518200410546176,0
569924393976987649,0
569701377779183616,0
569978537953902592,2
569620873394696192,0
569620017840398337,0
568531781835571200,1
569711837656125440,0
570193599977148416,0
570014685166219264,0
569705838870466561,1
569720452987252736,0
569502188562546688,0
568017135236022273,0
569832860795985920,2
568614009584291840,1
569581303785328640,0
568417968230694912,0
569558377178603520,0
570001601055883265,1
570249159179145216,1
569183387816038401,0
568436966628261889,0
570238126347714560,0
569696521425281024,0
570307949614256128,2
570222414400860160,2
568996575617409026,0
567804700951855104,2
568801535662166016,0
567889601869668352,1
568194475077570560,1
568948170060746752,0
569866490423349248,0
568752276040495104,0
569499788934291456,0
569945073611374592,1
569973278699352064,1
570296996445204480,0
568250159689113600,0
569634318349246464,0
569544873809989632,2
569158546404864001,0
569673913892003840,0
569989082719358976,0
569660740396720128,0
569670228713578496,1
569296784922578944,0
568882449922416641,0
569313760864632832,1
569223482791366656,0
569827699243544576,0
568943244027006976,0
570073661241057280,1
569710019333107714,0
569345076406693888,0
569427993958883328,0
569628494214225922,0
568232493779824640,2
567828625388609536,1
568509302505377792,1
570310144459972608,0
569890109803220993,1
569523440547291136,0
569568300528635906,2
569632519387099137,0
569017218316369921,1
569647174277042176,0
569934048346251264,0
568622671287566336,0
569665019899572226,1
569660029093203968,0
569674349734711296,0
568241367396192256,1
568437450927955969,2
568101176551452673,0
569920090440916994,1
568202855166967808,2
570075456302649344,0
569888280793063424,2
567898236809277440,0
568934745909829633,0
570017905879986176,0
569892553690124288,2
568117268254568448,1
569959631256051712,0
569235062862036992,0
570020275150049281,0
568210483959836672,0
570304445734629376,0
568225166527991808,0
567801274293563393,0
569904613069103104,0
568893498193158144,1
569917765676601344,0
568150150289461249,2
569887049446076416,2
569992620744708096,0
569684138304741377,0
569588667225927680,0
567814769077436416,1
568868944557133825,0
569514001450672128,2
568853687130390528,1
567894187900710912,2
569822645065093121,0
570299642887442433,1
569641587766009856,0
569526325255364609,0
570294743684517888,1
568847512372514816,1
569791792029151232,0
568869594531651584,2
569644168584105984,0
568505918540750848,0
569266679903080448,0
568875992128729088,2
567725125194493953,1
569665738165891073,0
569993952469880832,1
569794574966591489,0
569673434721951744,0
569769643864408064,0
569719978993152000,0
570286924277030912,0
567967189237518337,0
569948241116016641,0
569555517502300160,0
569922365322338304,2
567788423352950784,0
569632828478136320,0
569918466821459968,0
568434509017960449,0
569925941067186179,1
568873199250706433,1
569482497496473600,0
567763818257063937,0
567844362601697280,2
569695998894673920,0
569615855505387520,0
567729241312489472,2
570079508797243392,0
568434307989159936,0
570097189617143808,0
568843439107919872,0
570259632557395968,0
569222424236916736,1
569919020784185344,0
569550230376423424,1
570267241046020096,2
568167414493532161,0
570255256589766656,0
568988757954678784,0
569700277244141568,2
569951896808464384,2
569709992175116288,0
568633361595412481,2
570094120993054720,2
570223460632403969,0
568397140977979392,0
568995205271015425,1
569624788244828160,0
568492898553102337,0
569492838448300032,0
569218838190907393,0
569759330662109185,0
569347934866636800,0
569895723208040448,0
568892047559503873,2
569551374867939328,0
569620098467569664,0
569679210454724609,0
569625782181617664,0
569758482989084674,0
567676626855419904,0
568462314388656128,1
569874150636048384,0
569672010734968832,2
568460037737324545,1
567727403964055552,0
570297185704812545,1
567710245053407232,0
569993908324663296,1
568208488335331329,0
569688669100994561,0
569567252363812864,0
567755402943930368,1
569229135752642560,1
568191654986792960,1
570257258275164160,0
568548629973209089,0
569836305066041344,0
570057601976631296,0
568987303302950913,0
570250989305004033,0
569676227981791232,0
568798853656223745,1
570047737347088384,0
569293499968950272,0
570246294582771712,0
568438142673555457,0
569894307508965377,1
569885201293307905,2
568801561377439744,1
569689784517402625,0
569683780593545218,0
570004519679074304,0
569654204375175169,0
570018836239364096,0
569619861879590912,0
569687163136315392,1
568237879337422848,2
567860325179072512,0
569862827227402241,2
569689297084919808,0
570031098513592320,0
569310253315174400,1
568789500727570432,0
569020255441264640,1
568541219711819776,0
570011533205336064,0
569644456376340480,2
568795791445209088,2
570007830083854338,0
569221213026971649,2
568613837198340098,1
569330646901895169,1
569121160149012480,2
569115621213884417,0
568984515298922496,0
568900052397092864,0
570304633048047616,0
569662906842750976,2
569673981164277760,1
570226143045033985,2
570271383005085696,0
570298155465609217,1
569698892528222208,0
567886422826307585,0
569623248205430785,0
568260165759307776,2
569616974256472064,0
569355332113309696,0
569802164060557312,0
569564060678639616,0
569686510108344320,0
568290894992039936,2
568039503602065408,0
569865190822572033,0
570272465299083264,0
568804625257791488,0
568633680605945856,0
568899516872568832,2
568875674552807425,1
569721379823554562,0
570001706676842497,1
569735461033213952,0
570249520736374785,0
569888931443052544,0
569259442547470336,0
570308064185880577,0
568925709189705728,0
569538135916351489,2
570271713512046592,2
568895856750899202,0
569623156337586177,0
569949439101546496,1
570090252544708608,0
567752396097351681,0
569769525744250880,0
569660666014859264,0
568015713836752896,1
569641319712169984,0
570105441688158208,0
569975778953142272,0
567830414615662592,0
569440689253158912,0
569941314713726976,1
567969159927205888,0
569660111976689664,0
569272664344428545,0
568269180153274368,0
568068513224654848,1
568828957002493953,0
568531043805999104,1
569650936911683586,0
569923685848653824,2
569867107749531648,0
569928277613256704,0
567814641918832640,1
569211825218318336,0
569659952681361408,0
567845089508233217,1
568246340246999041,2
568818229461721088,1
569698882797641728,0
567735204656066560,2
568813302140284928,1
569976620158578688,0
569083899478994944,0
569134299024367616,0
569562202405019650,1
567754056924672000,2
569884943217762304,0
570000614794489856,1
569598915722518528,0
569282410170314753,0
568805624164851712,1
570219815941615616,1
570164810144481280,2
569135011322064897,0
569464902164856832,0
569934371488202752,2
569491240481382400,0
568807823187976193,1
569326940252991488,0
568626974278733826,0
569584744532287490,1
568894805914169345,0
568410282298621952,0
568535948042104832,1
569952639116447745,0
568652138915766272,0
570297414848000000,1
568188595456118785,2
570281470507352064,1
569625848334000128,0
568270768989081600,0
570000805626949633,0
569453313462132736,2
569942569951600640,0
569984178764308480,2
569069311962132480,0
570077234570010624,0
569966745982791680,0
568621100914991104,2
569572184768835585,0
570030165788459010,0
568613712858198016,0
569644414395486209,1
569939736782962688,0
569872921700667392,0
569567629083430912,0
569344598482546690,0
570293557724110850,1
569961185107431425,1
569617894666997761,0
569451572792406016,1
569235924544045057,2
569683804857745409,0
570291866530398208,1
569364648576872448,2
568503048961724417,1
570042186399657984,0
567863933018640384,0
569638751598563328,0
567760664752824321,0
569638678194040832,0
568464487931613185,0
569977907222880256,0
567885719894642688,0
568279415370735618,2
568846033997803520,1
570177752973885440,1
569601850820976640,0
568823775745028096,0
568489124098924546,0
569496828376322048,0
568261172610220033,0
570252965392592896,0
569612379811676161,0
570141242769559552,0
567787449053872128,0
570006768681492481,0
569871068833435648,0
570015470570639360,0
568173151798108161,0
570054549915873280,2
570060649780400128,0
569436595746684929,0
570051731033235456,1
568534166742003712,0
569706336268611584,0
569668455202484224,0
567826439392927744,2
568650933049147392,0
568631538541326336,0
569984162377003008,0
569418351295926273,0
568804502645706752,1
567809403668430849,0
568600380977893376,0
569597072350978048,0
567886091975462912,0
569529020892651521,0
570293265221742594,1
568079810389549057,1
567863197341847552,2
569856874604048385,2
569248702092541952,0
568041161652342784,0
569576418855620608,0
570240625536323585,0
570242512012451840,2
567766130907832322,0
569718651709820930,1
567902218059264000,0
568611364803096577,2
568462177415372801,1
569909945514233857,2
567871270014025728,1
568420497563598848,0
569715687469420545,0
570085896319401984,2
568654569976123392,0
567839160779730944,0
569180541662027779,2
568422817601097728,1
569721039158173697,0
569973945270546432,0
569972935227674624,0
569870924410970112,0
569920436466794496,1
569729657248985089,0
569896010010353664,0
569950766389182464,1
569640446999203842,1
568893623099654144,0
568214398474432512,2
568413673330331648,2
569288008144330752,0
569227342675116033,0
568964227366387713,2
569581126215438336,1
570239297456091136,1
568240338164252672,0
569734641193586688,0
569682961345470465,1
569769633995104256,0
570247850858147840,1
569604400479649792,0
569992825997279232,1
567842593440145408,0
568759914514014208,2
569723205142880256,1
569821947049218048,0
569913899648098304,1
570279220502511617,0
569474081202032641,0
569437674257276930,0
570192546367975424,0
570222998919225344,0
570298371140939776,0
569667246026416130,1
569623415767871489,0
568074163270905856,2
569667688743763968,1
568962609375895552,2
569996479416438784,1
569229796401684480,0
569701607144693760,0
569874879794831360,2
568862787193081856,1
568540097639030784,0
569698811708370944,0
570100438487314432,0
569726038932111360,0
569993393767460864,0
569907544124219392,2
569870248779902976,0
569915992303730689,0
568460395544862720,1
567725820056068096,0
568958107205783554,0
569705786408079360,0
568430867447549952,0
570252146320351232,0
569899437662863360,2
570251814970515456,1
570289521113366531,0
568192942088843264,0
570050891929280512,2
567745845781864449,0
568916446710857728,2
570105616515145728,0
569617556857851904,0
570068393736302594,1
568570219951554560,0
568121535233458176,2
567935883086688256,0
568964010101514240,0
569663325383979008,0
568885007646740480,1
567721806040031232,0
568857976733376512,2
570084632999428096,0
568977167410802688,0
569321988591906818,0
569628431236911104,0
569884644893532161,0
569366218429337600,1
569876325588197377,1
568560685568937985,1
569916555154169856,2
569938322161668096,0
569325005823217664,0
567728386014183424,0
568523003778084864,0
567736717352763394,0
570234676494757888,0
568063784318832640,0
568036804542275584,0
567796863467839488,0
569969714245431296,0
570073396152676352,0
569525480178769920,0
570063224328081408,2
569989007532142592,2
568554107952177152,0
568179117851578369,0
570078379421990912,0
568584104641368064,0
569924116335108096,1
569341791482220545,2
568094760151486464,0
569642306640306176,1
569721410542645248,0
569379997175177216,0
568953095423705088,0
569620355783925760,0
567772765756080128,0
569236060615667713,1
568595828232863745,0
570004391731847169,2
568571021554556929,0
570261981569159169,1
569995706909503488,2
568332024802447361,0
567735409724366848,0
567765679764697089,0
567819541939494913,0
570181906492297216,1
569556697603280897,0
569989168903819264,2
569993176636739584,2
569439089063280640,0
569561225488678913,1
569878388464177152,0
569895344458170368,1
568788357431447552,1
568254094739148800,0
568089179520954368,2
569576099018985472,0
569610824647626752,2
568064972086906880,0
569570013964689410,0
569202278298755072,0
568056811401703424,1
569143946930196483,0
568836930550534145,2
568622676773703681,0
567798535262060544,1
568153151636766721,0
569083218554519552,1
568510886324744193,1
569002746117902336,0
568787787815776256,0
569376311824621568,0
570002805295095808,0
568521303956656128,0
569925680168726529,1
568614676612964352,0
568904684561408000,1
568056439291256832,0
568427566916345856,1
569564016906891264,0
568272841780682752,1
569025401906794496,2
569522040547385344,0
569892361691463682,0
570217831557677057,0
568481179646758913,0
569714640764035073,0
570239463089000449,0
570068435805310976,2
568069392422051841,0
570187940221071360,1
569864778702671874,0
569238877178716161,0
567887301021413376,0
568391639158226944,0
569879696093126656,0
568895188338380801,0
570252986372329472,0
569146861082161152,1
569567685719101440,0
568106783241211904,0
569838878049345536,1
569309623825670145,1
568536646963970048,0
569953847797530624,1
569985685723209730,0
569285184605986816,0
569841119783202817,1
567729700110602240,0
568174911841177600,0
567742937325260801,1
569949718832398339,1
568925579933671424,1
568085949663584256,0
569386397683073024,0
568275733736353792,2
567778512548167680,0
567756838529208320,0
569921001301024770,0
569613554963369985,0
567895874598215680,1
567752230111936512,0
569435214717562881,0
569339072805797888,0
567799935173947392,0
567759874403344384,0
569199676282564609,0
569381891809214464,0
568891505869344770,0
569205327465476096,0
570290334158225408,2
569880322487263232,0
569276864260255745,0
568159614069444608,0
570010882069151744,2
569005006902468608,0
568511208011071488,0
570260735294607360,0
568143054856712192,0
568226940139782144,0
569700696624246785,0
570271791400112129,0
569608870429114368,0
567869009661665280,0
568251373189349376,0
569670559300239360,1
569914468404035584,0
569494958006263809,1
569256468198924288,0
568472775729516544,0
569589955837628416,0
568802105005346817,1
569625953602834433,0
569638503199285248,2
568809510644527104,0
569620168671756288,0
569642757767081984,2
569632379326869504,0
569678919307280384,1
569226248393662464,0
569924772349538304,0
569113910776881152,2
569815690531758082,0
568034650477580289,1
568990617394647040,0
569947001456070656,0
568870473934761985,0
569392315409829888,1
569313126342123520,0
569475306018353152,1
568218462281183232,1
570303399276761088,2
569720491830878208,2
567845726220357632,1
569294599614803968,0
567779815227260928,2
569849299850305536,0
569436958281183233,0
568255924130983936,0
568077686507229184,1
569897798692286465,0
567778721474822145,1
569472446954389504,0
567778403755900928,1
568813634152849408,0
568243079003529216,0
567745903474540545,0
568920614716600320,1
568418531777355776,1
570002083832733696,0
568919673548337152,0
570102725842575360,2
570202204281425920,1
568929641756368896,0
567903883047088128,0
569925190236442624,0
568190276990140417,1
569205125278859265,2
568241460279181312,1
569924375723560961,1
569709901737406464,0
569852084536750080,0
569613113718218752,0
567727490567639041,1
567803477762797570,0
567807786748284928,0
570264948548313088,2
567797327071838208,2
569843142830071808,2
568134171761065984,0
569727743450984448,0
569939932191559680,1
569498738856755200,0
568124691673686016,1
569961481455976449,0
570020147827752961,1
569927263040315392,2
568204705861652480,0
569715908664430593,0
569669336991969280,0
569674597479677952,0
569995961570856960,0
570003097554006016,0
568775278505414656,0
567736166787850240,1
568078627687890946,0
569531768321269760,0
569922214255919105,0
568228124263124992,0
569221828025167872,0
568913418092224512,0
569911501626028032,1
570290337169739776,0
569951016033980416,0
568959665360384000,0
569613284455948289,0
568039498015223808,0
568480213123919874,0
568203438099529728,1
569261128532041728,0
569847788986462209,0
569529416155402240,0
569120452586700800,0
569177940027674624,2
568185323668291584,1
569336493224955904,0
568457761366781952,0
567735667879575552,1
569669991450185728,1
569209605198376961,0
569634077571051521,2
568421732157161472,0
568152968257613824,2
568903208015433728,0
568259835474677760,0
569849281533874176,0
569657389722550272,0
570217606025748480,1
568209603332214784,2
569930403106172928,2
569945386569363456,1
568864981917110272,0
568382290352590848,0
570299252141903873,0
568049201453469697,0
568805448696115200,0
569220438397751299,2
569869884164714498,0
568419991030087681,1
569605942318231553,0
569381811278770176,0
569690603547697152,0
569986348041547778,2
570305365159632899,1
569672099704508416,0
569957703813976065,0
569683111404908544,0
568781747128803328,2
567867483622748160,0
569646857632096256,1
570201347414462464,1
569243519652470784,0
567744571124482048,1
569531010167250944,0
569666687253008384,0
570265876911403009,2
569950567663050752,1
569018352464588800,1
570084200235335680,0
568591278805528576,1
569589493138731009,0
569889139593646080,2
568976619089620992,0
569559833415970816,0
569940740454936576,2
569961680530247681,0
570013472093642752,0
569635090214449152,0
570202730293100544,0
568095014435229696,0
569201109400555520,1
568912588748292097,0
569340200934969344,1
568231725970505728,1
569973504390639616,0
569493018081947649,0
569643301332258817,0
570000071644872704,1
569630885450002432,0
568813269906890753,0
570045645714620417,0
568541965060427776,2
567749045524131841,0
570293494444634114,1
570034301774884865,1
568538064487735296,1
569127429702348800,0
568572506300243968,2
568141111601926145,1
570279368766959616,1
568453988758233089,2
569020707113476096,2
568998681715695618,0
569983990683148288,0
570042339575640066,0
570016052895092736,0
570232676491202561,0
570096582546165760,0
570204900375687168,0
569521573268480002,0
570058262743101440,0
569812898815614977,0
569860989400649729,0
569586235259404288,1
568069616003629057,0
568141110217805824,0
569682751063924736,0
570008005774860289,0
569619075246235648,0
568958322306650113,1
569286897404669953,0
570272511050383360,0
568165349004316672,0
567889613714522113,2
568095863731433473,2
569194567603499008,0
570034025148108800,1
568845241526038528,0
568003851145461760,2
568173938292985858,2
568903082765000704,2
569661113593425920,0
569912776199704578,0
567783802492420096,2
568045949999661058,2
569024126641311744,0
570167726972538880,0
567818156607074304,0
569316417226600448,0
569091868153253888,0
569751096580812801,0
568029763438186496,1
569528694613671936,0
569564666013163520,0
569654439646269440,0
570003144366792704,0
570299889688702976,2
570280755085090816,1
570242474750423040,0
569903840507506688,2
569960833884803072,1
568094548141977600,2
570019476235788288,0
568234162638999552,0
569607918569410560,0
569507522412986368,1
569211645710495745,0
569953259479277568,1
568162673981943808,0
567739785981493248,2
569399153253429248,0
567872361304821760,0
569700247275876352,0
569894690566369280,0
569924309902356480,1
570115366023770112,2
568494692117155841,0
569172570932690947,0
569962134328778752,0
568757775205056512,0
569542427758866433,0
569327066887401473,0
568552167122055168,1
569630593924911104,0
568055034296049664,0
568176529584173056,0
569934457215410176,1
569875456415170560,1
568904804451409920,2
568111588546375680,1
569641343254970368,0
569839559728439296,0
568271522332192768,0
570270776370311168,0
569989340052344832,0
567734002287513602,1
568818512191471616,2
568775800599801856,0
568495595440234496,0
567886093749604353,0
570297070998974464,0
568416305101070336,0
568052101504372737,2
568627869225766912,0
568066292114001921,0
569899102198206464,0
567788514952368129,2
568180868126150656,2
569851241922207746,0
568897992712802304,0
569342508553121795,0
567742857411166208,0
569086048388538368,0
569689076439392257,0
570257107737571329,2
569977887136342016,0
569584431544971264,0
568926268772581377,2
568761996973379584,0
569252439548952576,0
570079237350100993,0
570224719011704832,0
569165709516759042,2
568826425538519041,0
569769624780165120,0
569960024455454721,0
570284660510433280,1
568883664219537408,0
569658340147646464,1
568865640569806848,0
569617776509378560,1
569642063005753344,0
569974705811107840,1
570007685367799808,0
569921747195076608,1
567777100112101376,0
567898269961101313,1
569377543687700480,0
569552947903754240,0
567816155369570304,0
570083397873373184,0
569713615047168000,0
568450642085171200,1
569947033857069057,1
569647347547955200,0
568115014139162625,0
567874134174101504,0
568851396923146240,0
569652266006941698,0
570181406787301378,0
570198506222194692,1
567732351774781440,0
570307434113310720,0
569580460843651072,1
568821268239089664,1
567804350040416256,0
568778028773347329,0
569566880006086656,1
568364870757797888,0
567823564167192576,0
568943214130040832,0
567927503718731777,0
568796340714639360,1
569646446586171392,0
570188353984958464,0
569775147919372288,2
569172396680175616,0
568753398100692992,1
569312688272052224,0
567866162865971201,0
570269633778855936,0
567754593434873857,0
569618309357940737,1
569049391337578496,0
570306260010176512,0
569856654394720256,0
569252732940320768,0
569198104806699008,2
569897005297709057,1
570296986827694080,0
569544122098446337,0
568808165636214784,0
567872182136619008,0
570060687164067840,0
569634729324122112,2
569877658286186496,0
568053507179163648,1
568822571875098624,0
567780888700669952,0
569495653526724608,1
569880215079428096,0
568127152450871296,0
569669786810114048,0
569683866908286976,0
569898893262983169,0
567623209026334720,0
569894828315533312,0
568463892453724160,0
569589959088173056,0
568905924217217024,0
567862754557759488,2
568826070897717250,0
570290034009636865,0
569947699471974400,0
569924201559293952,0
569600989055086592,0
568211021497638912,0
568899893206450176,0
569357196141719552,1
569757115822157826,0
568249367590768640,1
569552426698723330,0
569255036796215297,0
568074028990259200,1
568413096940666881,0
570014637397295104,0
569381601374638081,0
569724119748636672,0
569143915405651968,0
569203705750237184,0
569328931905642496,1
569248437050302464,1
568265475114663936,0
569699455919726593,0
568928251554299906,0
569915182329286656,0
568576810474201088,0
567730833998757890,0
569910410343804928,1
569161513056935936,0
569965494519734272,0
569605690471288832,0
569883848470859776,1
569647082870415361,0
568522747501895680,0
569592675638382592,0
568467055747313664,0
569629882323496961,0
569351289026568192,0
569881004262989824,0
568387111931527168,0
567745009890623488,0
570044428678778880,1
569670904852172800,1
569757790626906112,2
569901802994454528,0
568380957012525057,0
568109598034554880,0
570280755252895745,1
569872455377879040,0
567790926857531393,2
569287433008754688,2
570204649363341312,0
567872810770657280,2
568111779705958400,0
568512847178645505,0
569693430902861824,0
570069262586540032,0
567753071833665536,0
567748162178125825,0
569908805724712961,0
568889828588331009,1
567907430069329920,2
569757272760397824,1
568079024943194112,0
569562731356901376,0
569628172842479616,0
569339932801703936,0
569330006985347072,0
569625173176901632,0
569468823625027586,1
569766964895166465,1
569745365940830210,0
568533330557186048,0
568830133626253312,0
567836118181277696,0
569489114707431424,0
568735841771597825,1
570251560871002112,0
567807375667912704,0
570057855358935043,0
567754096272224256,1
568245360998658048,2
568471761051721728,1
568438312177762304,2
570204930520190978,1
567778009013178368,0
568857374934601728,1
568757933502148608,1
569612804350717953,0
569821309137514496,1
568633534627381248,0
568246093856641024,0
569551779752386560,0
569223447005433856,0
569608282442047488,0
569220096490483712,0
569242665956610048,0
569603039750852608,1
568627373027020800,0
569218762907324416,0
570052124010278912,0
570078355770339328,0
568882182686707712,0
568523051853197312,2
569759131143262208,0
567740403755909120,2
570188684881821696,0
569734868344684544,0
568027403462651905,2
568538599903244290,0
568161997935607808,0
569641615721140224,2
568756110456270849,0
568154777739259907,0
569722876879884288,0
569570644632821760,0
569056573731020800,1
569902065247322112,0
570250617379168256,0
567896040982069249,0
569186177238110208,0
567872769049825280,0
567812349895245824,0
569659317458243584,0
568137238267047936,0
568055678201438208,0
568639824145584128,0
568396209091702784,0
569917824078090242,0
570083548364992512,0
570288380384292864,1
570188115077259266,0
569606901325017090,0
570055285500469248,0
569282692014977025,1
569569152312213506,0
569223788639821824,0
568271533782622209,1
568444091836604416,0
569366184904122369,0
569648229295329280,2
568467286333513728,0
568394676501217281,0
568245800788221953,0
569910299983130625,0
569970599377788928,0
568913108153946112,1
569915029950222337,0
569701004188508161,0
569853568200503296,0
567788578026311680,1
569927288751587328,1
568954266628575232,0
569752206343348224,0
569645783974195202,0
570084883332239360,1
567818765888557056,0
569527586960711681,0
569538171509350400,0
569759999083171840,1
568639461648502784,1
569369331173363712,0
569197921150902272,0
569872009380941825,0
568055631065653250,1
569965873752104960,0
568867930127114240,0
569348678911021056,0
568127434173878272,1
568617016917168128,1
569966496698343424,0
569928540004753409,0
569989745503297536,0
569305409925873664,0
569928419435286528,0
568564675312545792,0
569962078791979009,0
570099970742886400,0
569900620095856640,1
569740962760499200,0
568175323470290944,2
570087950156898305,0
568006455317667840,1
569893737385472000,1
570137183442608128,1
569459618881019905,1
569596793941401601,1
569661069913821184,0
569908792776892416,0
570252666439385088,0
568228746697814016,0
570308309682675712,0
568819697438871553,1
569592236981284864,0
568104424029036545,0
568476562376531969,1
569725892324253696,0
570051834188075008,0
569917363891499008,0
570083998380232704,0
568619609101721601,0
568929652003217409,2
569830265364701184,0
569842196045656064,0
568215031608815617,2
570052879643381760,2
570028083606122497,2
570296670568751106,0
569428333500375040,0
570240896387710976,0
569957163138883584,2
567695310860730369,0
569337969233887232,0
569495613173309441,0
567756085583302656,2
567905184040382464,0
568085962049216514,2
570211016308596736,1
569919787888988160,0
569698963428925440,0
570065037231927296,1
569844191938908160,1
568496575716175872,0
568879046215520256,0
568326927695491072,0
568823897967034368,2
568604690767872000,2
568517447847780353,1
567739149818413056,0
568024504057913344,1
569614361574158336,0
569316018230677504,0
568834328937009152,0
568560510896963584,0
569191838579429377,0
568236763128463361,0
568779073117245441,0
568494962880475137,1
568180525644398593,0
569678058199732225,0
569641234769309696,0
569696864091697152,0
569961302338072576,2
568075679008468992,0
570271846718775296,0
567858173282906112,0
567845492849287169,0
570271574462369793,0
568438257454682112,0
568644931792687104,0
568437634835595264,2
569937408013176832,0
569941609225293824,2
568561938457690112,1
569608307184242688,0
569627480425766912,0
567851561474383873,0
569491590105980929,2
569850259507154944,0
570292715444965377,2
569300435091251200,0
570008817414639616,1
568827958527275008,1
569615444300185600,0
568874435907682304,1
568821349688471552,1
569337605223006209,0
568553101587832832,2
570132410588917760,0
570271730729689088,0
567743010322935808,1
569934205611872256,1
569977819389800448,0
570285537833168896,1
569900705852608513,2
569951253666656257,1
570296616688750592,0
567777625344593920,0
569969455171813376,0
569981947612676096,0
569209084144005120,0
568593538520231936,0
568502226597101568,0
569333461401481216,1
568444321113862145,2
570063107701272576,1
570025186000539648,1
567744963870752768,0
568222090769379328,0
569533098402009088,2
569927442657386496,0
569880251767123968,2
569846990076387328,0
570214488739225601,0
568516267440631808,1
569659137581326336,0
569447456896917505,2
569631027385245696,0
569596420761604096,0
569678975049588737,0
568118177537744897,1
569639823734128640,0
569584207011434497,0
568356849189150721,1
569861240375386112,2
569504786879528962,0
569343882389016577,0
569287318898495490,0
569911515106582528,0
568169732895051777,0
569304533140185088,1
569088814184079361,0
569912963273879552,0
570282087065919488,0
570033000777457664,1
568062811856703489,0
569891377351233536,1
569593346223579137,0
570056907634798593,0
570306086475075585,1
569943090766721024,0
569989557644623875,0
568760866088337409,0
569418216935723008,0
569524497377861632,1
569844262461972480,0
568842695864504320,2
569585355319599104,0
569923518051323906,1
568053242426470401,0
570160277934747648,2
569655584540266496,0
569663928701038592,1
569600927394631680,0
568808746689933312,1
568913508936458240,0
568530694353190912,1
567857221159297024,0
569316342769291264,0
569228892638019585,0
569938470589718528,1
568521376245501956,0
568472185993629696,0
569253311813185537,2
570275123854487552,0
568109592338518016,0
567760797062152192,0
567816909816635392,2
568644053522391041,0
569880599764140033,0
569950348908982273,1
569650813070483457,0
569685747080372224,1
569300522705883136,2
568958227888500736,0
569672448716742656,0
567821166775156736,0
568386996525252609,1
570082960700870656,2
569661926067736576,0
568889677094232064,0
569250438882705410,2
570307820962373632,0
569514168576974848,0
569657725304610816,0
569697793801134080,0
570265280674459648,0
570264515285266432,1
568809369678315521,0
569921652374577153,0
568559061668507648,0
570235244999270400,0
569935135132426240,0
568124227641065472,1
569419928173989889,2
569893924942299136,1
569248055817404416,0
569216546779705344,1
569644766779936768,0
570235387009839104,0
570099762709581824,1
570202621123780608,1
569785570320195585,0
570259268844314625,1
568162409837400064,0
568256684642213888,0
567788199175786496,2
570233809129467905,0
569943785905332225,1
569676450552537088,0
568432405482229760,2
569622389920641024,0
569479404428120064,2
569849295786127360,0
568492682152189952,1
568380876855353344,0
569868207940603904,1
569971233351213056,0
570295459631263746,2
567814010914222080,0
569873050117808128,2
568116146899169280,0
569647615194898432,0
568926321369153536,0
570267215720800256,1
569698150757244928,0
567757851104641024,0
569584561312681984,2
568449520645906432,2
568858239372103680,0
569958485913243648,0
569606513859305473,0
569189652080533504,1
570051191943483392,0
568905470502670336,0
569947823426441216,1
567725232203390977,2
569972097453137920,2
568435434964938752,1
569946742277451776,0
569350730034728960,0
569613611510960128,1
569728483384930304,0
568215307170521088,0
568451244009742336,0
568984446487166976,2
568215093596573696,2
569717037464838144,2
568574989688901632,0
569685644449964032,0
569659878693695488,2
570213946348560388,0
570143200935063552,0
570219969717219328,2
568573387817291776,1
569636447956930561,0
567742238562975745,0
568942857123336193,2
570119247982137344,0
567947943593926657,0
569279670048452608,0
568944054303625217,2
569838466697175040,0
568430681367453696,0
567812544099827712,0
569924355011932162,0
569734821091487744,0
570033259842801664,0
567627253991735296,0
569546763297796096,1
570250252382416896,1
569619751124795392,0
569623164105433088,0
569950112631296002,0
569591765793165312,0
569707970876936192,1
569191687794270209,1
569604453462110208,0
569946477356818432,1
570184234498805761,0
569533159475277825,0
570245576815546368,0
569739044004823040,0
569781926162145281,0
570265300685488129,0
568084717481775104,1
570115243747074048,1
568197789655515136,1
570072918094442496,0
568618649751171072,0
569651357491326976,0
569435327544369153,0
569998992475627521,0
567800210064420864,2
568213658117005314,2
569889475658178560,0
569702495926267905,0
568793575300796417,1
569980771424976896,0
569973821396152323,0
568426849040261120,0
569976124278640640,1
569674237079744512,0
569664250521763840,0
568985883589906432,0
569917869296758784,0
568151138421207040,0
570064285860171776,0
569079956912758784,1
569632594221867008,0
569623211324735488,0
569664828911919104,0
568437415603507200,1
568619178363478018,0
567770910107897856,0
569673044802854912,0
568845879307735040,0
568248102018285570,0
570274750821486592,2
568596833439760384,0
569737397350461440,0
568144589162287105,0
570065297568194560,0
569741366642618368,0
569692936880791552,0
569665600403808256,0
569147852217135104,0
569663351124422656,1
569454641320062976,0
569319928815202304,0
569926659219922944,1
568914888728449025,0
569866461172387841,0
568492240273874944,0
569681774307123200,0
570307390752608257,0
569599867716132864,2
568544199072735232,0
569730861593010176,0
570007297927221249,0
568662554047696896,1
568872291427160065,1
568149600403660800,0
568147483269971969,0
567772770604298240,2
568677157569826816,1
569253236093267969,2
569296354607935488,1
569671332092252160,0
568893275907575808,1
569685890349404160,0
568924206152306688,0
569086687336222720,1
569548355489148928,0
569920760522764288,0
570287886135918593,1
567860982422306816,0
570205604314255360,0
568905259550056448,0
570246963901427713,0
567806467974365184,1
569609163824713729,1
570040750412406784,1
569627273407569920,0
569119503516246016,0
569938864028012544,2
569727628766281728,0
567824276414558208,0
570295174385016832,0
569666826352898048,2
569655603783708673,0
568587875702476800,0
569625739231948800,1
569884551712886785,0
569329014826864640,0
567735186881003520,0
569970324810240000,2
568612163578773504,0
568110095646781440,0
568934749571387392,0
569607647051317249,1
568979232786939904,2
569863229356310528,0
569904589010575360,0
570244951914782721,0
568046603916996609,0
570043569605648385,1
567754559762612225,0
570212491134930945,2
568139299021041664,0
569890152832749568,0
570171986648965120,0
570271574462369793,0
569358701317869571,1
569940199842525184,0
569415076400242688,0
569983826245496832,0
568831798857195520,0
568872120471687168,2
569165556722503681,2
570292403309035520,1
567740053967736832,2
569374560505737216,1
568540062306181120,0
569983338880114688,2
569690433996984320,0
567730323988172800,1
569835312106618880,1
568623037962039297,0
569624713414250496,0
569606467646578688,0
568022411783888896,0
568874645564362752,2
568538553862340608,0
568435364349808640,1
569862449559527426,0
569581828258078721,0
569303932691984384,0
569913667476549632,0
570272172679282688,0
569646144805953536,0
567759012806029312,2
569626673034850304,0
569670081946333184,0
570034833633767424,2
569566232803803136,0
570095696491241472,2
569972777593262080,0
568855251123449856,0
569159333499576320,0
567811918711504896,0
569672501753724928,2
567920067364540416,1
567952115588423681,0
567696188602712064,0
567842439911858176,0
570199267668676609,0
568266890499346432,0
569735142564102145,2
568406048777900032,2
569666513352806400,1
568672436977168385,0
569926674353160192,1
567873229055991808,0
568547839636332544,2
569006801192161280,2
570032796472778752,1
568388502431395840,0
568387402810728448,1
569220243123544065,2
568192038040006656,1
569569272898445313,0
569851178982338563,0
570274417546113025,0
570072578540347393,1
569874098035142656,0
569959406927945728,1
569632283046469634,0
568155954484797442,2
570039756731494400,1
569649747213987841,1
569514688809181184,2
569969999961391105,0
569665343880368131,0
568066302818058240,1
569697456536965121,2
569664514142183424,0
570228904469725184,1
569232560330555393,1
568028183267639297,1
567754136255725568,0
568755032138469376,0
567859338615865344,0
570249806540451843,0
569971216934526976,0
567845500205936640,0
568098115988918273,0
567823707160354816,0
569685096527056896,2
568190857263915008,2
570286035118071808,0
569124024426618881,2
569780773194113025,0
569646827567501312,2
569011846432366592,0
570264159687806976,0
570108987284197376,0
568786035053760512,1
569675668524441600,1
570063574858493952,0
568603081274986496,0
569387453418762241,0
568567970450055170,1
569248000456970240,0
569417702764363776,0
570252044528959488,0
569604805116563457,0
570062210640322560,0
568587429830983680,0
568994886336307200,0
569557305961750528,2
569169704805371904,0
570305051819941889,0
569558713079443456,0
570295901555699712,2
569514501730643968,0
568794864533385216,2
567861067088596993,0
569668792265019392,2
568828064152424448,0
568200350697717760,0
569208067243401217,1
569974234908389376,2
569542114234671104,2
568454304488673280,0
569168473194041344,0
569584379258900480,1
570247027117797376,1
568823050571026432,2
567752826353225728,0
569969267589947394,0
569610759795314688,0
569492106923806720,0
569883077289181184,0
569799402119770113,1
569925645204987904,0
569857037477158912,0
568133754142793728,0
568940548301549568,1
567794198095872001,1
569972513721229312,0
569898346036404224,0
568535677027028992,0
569970117154484224,0
569967441591144450,1
569603875671396352,0
569535230996045825,0
568802305606361089,0
568994696980238336,1
568716618794209280,0
568815280903864321,1
569946372901707776,1
570248242853773312,2
567831806944223232,1
569665983113080832,0
569747280552538112,0
569533875308916736,0
568490310524936192,0
567830279809937408,0
568118361701265408,0
569374561197789184,0
567823510245236739,0
568272139075387392,0
568200385849995264,2
569328072027189248,0
568242359928037377,0
568496664677363712,1
568250311455981570,0
570309156290367488,0
568243964983308289,0
568810539939459072,0
569926460036657152,0
569621367806664705,1
568082817562898432,2
568870279906234368,1
569951211471962112,1
570308513181904901,1
567764010812985344,0
567864793404555264,0
568076650782404608,1
569839807787958273,0
569958224968982528,0
568803061361025024,0
569937862109450240,1
570263732099649537,1
568058224433340416,0
569936893325897728,0
569889885651234816,0
568864286266814465,2
567765690589790208,0
569342641571291136,0
569944996616351746,0
567871783107452930,1
568657247896788992,0
569687374193680384,0
568023553548922880,0
568608132731154432,0
569575003248676864,0
569912710848057344,0
570309000279023616,0
570100233398571008,0
567862454576787456,1
569700071484338177,0
568489700232695808,1
569460417954746368,0
569337274707660800,2
569526294477725697,1
570050323017920512,0
569310885191286784,0
569597742693154816,0
570049923858567168,0
568059129601724416,2
570203916643766273,0
569953683309514754,0
570189934096719873,0
567822865844928512,0
568526847320784896,0
569875734677712896,0
570309345281486848,1
569927739802652672,0
568240364315783168,0
567771124235517952,0
570091109675769856,0
569630240512876546,1
569676304154554368,2
568833739192557569,1
570232494034964481,0
569114772211437568,0
569369008580874240,0
568575202713583616,0
569507677501595649,1
569385862489776128,0
569770363623575552,2
568950548411461632,0
569850808029859840,2
568158427664527360,0
569144056305074176,0
568236000390082560,1
569555395339018241,0
569736283326586880,1
568070338438963200,0
568551504505802752,0
569626297116176384,0
569243270745866240,1
569336975750094848,0
569603529888788480,0
569510828023488512,0
569225958495952897,0
569699437901000706,0
569892980712013824,2
568611300609118208,0
569975294158901248,0
569257540023951360,0
568951462413209601,0
568558478039625728,0
569925929713188864,2
568967313598386176,0
567811428779868160,1
568898784861814785,0
569262534232039427,0
568257389402710016,1
569891267666006016,1
568396205270691840,0
570165459783450624,0
569116934379323392,0
568496915211538436,1
569277895224516608,0
570075101326024704,0
569646184005894144,0
568671818262773760,2
569685259412836354,0
570288799860846592,0
569956658199134208,0
567861727833894913,0
569132310110588928,1
568145883679875072,0
569938559836299264,1
570057871058079745,0
569893716711747584,0
568244071770296320,1
568969600559226880,0
568428971504889856,0
568103618500530176,1
569651085348110336,0
569940702425169920,1
567856486950576128,0
570137359787827201,0
569164064636727298,0
569604507405037569,0
570010973047795713,1
568801542322548737,1
570104913390206976,0
567848843372601346,0
568781819233091584,0
567967937446834177,0
568989687353729024,0
570059462976917507,0
569927843666366464,0
569674294411669504,0
569519156502106112,0
568815766474244096,2
568751647809273856,1
568416493446270976,0
569025555343007744,0
570092184948645889,2
568535163690287104,1
567848107456749569,1
569681786860654592,0
567997819560333313,1
568467596414210049,0
567748208844365825,0
569670634718023680,2
569915643094396929,0
569262517333196800,0
567794573495250944,0
569716774431666176,1
568588896218587137,0
569883376041250816,0
569601934853873664,0
569928552621182976,0
568132935037132800,0
567801079388471296,0
569257626715889664,0
569276734798893056,0
570197804091621376,0
569149498183659520,0
568494466929188864,0
568855933360607232,0
569256055781240832,1
568492653987418112,1
569970865607090176,0
569658243871608832,0
568085366441246720,2
568928741298012160,0
569526070615138304,0
569315664156069888,0
568169348721848322,1
569954824265076737,0
568056298937430016,0
569897003255083008,0
569249554236878848,1
569881888892055552,0
569922853266694145,0
569693551589756928,1
568781359331844096,0
569119050682339329,2
569967897600139264,0
568815117120319488,1
568440058895863808,0
570015432750399488,2
569938796986433537,1
569832383991525377,0
568606066155634688,0
569520929128251392,0
569555719885885441,0
569342220534288384,0
568064027437301760,0
569632550873915392,0
569197611393163264,1
569904537739382784,2
567873087108161536,1
569891790343569408,0
569691767953436674,0
567825891209912320,2
570129843594997760,0
569718492108230657,1
570030083093729280,0
567823244549480448,0
570244762785210368,0
568206538147364864,0
568918313239064576,1
569623368711991296,0
569854370726064132,0
569638419384528897,0
570229813937463299,2
568411980542775296,2
569971998572589057,0
568601459983400960,1
570249680535339009,2
570001282603229186,0
570260984704700417,0
568724024362037248,1
570219877006503936,0
569996707443970048,0
568151905165316097,1
569899522152726529,1
569887310713479168,0
569333972452265985,0
568607646204465152,0
569984653920210944,0
569556399585402880,0
568583414519083010,0
569715074505420802,0
568443923485437952,0
569978312157589504,0
568258896038506496,1
568639242483556352,0
570054574389788672,0
569899203339657217,0
567741157070086144,2
567820210264137729,0
570293669628157952,1
569986029463011328,0
569866081164111873,0
569201516881448960,0
569565125344141312,1
568893072001646592,1
569274600196075520,0
568432260912959488,1
568353091407495168,0
569330337735696385,0
569521081125629953,0
569418962108162048,0
569857157778132993,0
569965247093731328,0
567883674462588929,0
567881096647569408,2
569308255966666753,1
569882442129133568,0
570298644475346945,0
569532394455359488,0
570238822157570048,1
567718099794006016,0
569851813706539009,2
569947514633191424,1
568602007583354880,2
569838692220542976,1
569702566126325760,0
568964945259466752,2
567865703765798912,0
569572707299299328,2
568524265663803395,0
567870895383015424,2
569346721173655552,0
569951021398683650,0
569055189988024320,0
568863640721477632,0
570271904508092416,0
567857402340450305,0
570269103648350208,0
569516370506993664,0
569708269943418880,0
567747769176432640,0
569949415458213888,0
569874311823036416,1
569538649110548480,0
568605600273141760,1
568945639834267648,0
567946595481706496,2
568063386321158145,2
569667675603009537,1
568377318822912000,0
568257392195936259,1
568807901608828928,0
568137238732771328,1
567590027375702016,1
569967159549534208,0
569985084348104704,0
569913796875161600,1
568424307031805952,0
568460680367644672,0
569366337929105408,1
568881812174299137,0
569699154965827584,0
569577005278064640,1
569962905493315585,0
569153669867945984,0
570081545211375616,0
568186002759671808,1
570097604182351872,0
568798264943902720,1
570227199766179840,2
570001983408635904,1
569786809028255744,0
569704164743376896,1
569966060926947329,1
569873993311916032,1
570050402294636544,0
568067938843893761,0
569906662061944834,1
568797800743313408,1
569328755409326080,0
